{
  "id": "1500776",
  "name": "携程",
  "font_family": "iconfont",
  "css_prefix_text": "icon-",
  "description": "",
  "glyphs": [
    {
      "icon_id": "679341",
      "name": "语音导航菜单",
      "font_class": "yuyindaohangcaidan",
      "unicode": "e628",
      "unicode_decimal": 58920
    },
    {
      "icon_id": "895599",
      "name": "行程",
      "font_class": "xingcheng",
      "unicode": "e66d",
      "unicode_decimal": 58989
    },
    {
      "icon_id": "915347",
      "name": "打卡",
      "font_class": "daqia",
      "unicode": "e741",
      "unicode_decimal": 59201
    },
    {
      "icon_id": "925866",
      "name": "消息",
      "font_class": "xiaoxi",
      "unicode": "e996",
      "unicode_decimal": 59798
    },
    {
      "icon_id": "1671423",
      "name": "购票",
      "font_class": "goupiao",
      "unicode": "e62d",
      "unicode_decimal": 58925
    },
    {
      "icon_id": "1975280",
      "name": "携程",
      "font_class": "xiecheng",
      "unicode": "e62b",
      "unicode_decimal": 58923
    },
    {
      "icon_id": "2947339",
      "name": "携程",
      "font_class": "xiecheng1",
      "unicode": "e600",
      "unicode_decimal": 58880
    },
    {
      "icon_id": "3831630",
      "name": "分享",
      "font_class": "fenxiang",
      "unicode": "e659",
      "unicode_decimal": 58969
    },
    {
      "icon_id": "6090384",
      "name": "收 藏",
      "font_class": "shoucang",
      "unicode": "e655",
      "unicode_decimal": 58965
    },
    {
      "icon_id": "6426874",
      "name": "计划",
      "font_class": "jihua",
      "unicode": "e62a",
      "unicode_decimal": 58922
    },
    {
      "icon_id": "6564754",
      "name": "后退",
      "font_class": "exit",
      "unicode": "e601",
      "unicode_decimal": 58881
    },
    {
      "icon_id": "6673902",
      "name": "添加",
      "font_class": "icon02",
      "unicode": "e602",
      "unicode_decimal": 58882
    },
    {
      "icon_id": "7737871",
      "name": "旅拍播放-02",
      "font_class": "lvpaibofang-",
      "unicode": "e620",
      "unicode_decimal": 58912
    },
    {
      "icon_id": "8680227",
      "name": "计划 (2)",
      "font_class": "jihua1",
      "unicode": "e66c",
      "unicode_decimal": 58988
    },
    {
      "icon_id": "9068610",
      "name": "携程",
      "font_class": "xiecheng2",
      "unicode": "e603",
      "unicode_decimal": 58883
    },
    {
      "icon_id": "9908525",
      "name": "服务评价-客服",
      "font_class": "kefu2",
      "unicode": "e604",
      "unicode_decimal": 58884
    },
    {
      "icon_id": "10371939",
      "name": "认证徽章",
      "font_class": "renzhenghuizhang",
      "unicode": "e605",
      "unicode_decimal": 58885
    }
  ]
}
